Id,ProductId,UserId,ProfileName,HelpfulnessNumerator,HelpfulnessDenominator,Score,Time,Summary,Text,Customer_Type,Suggestions,Product_Name,Product_Description
1,B001E4KFG0,A3SGXH7AUHU8GW,delmartian,15,15,5,1767660475,Excellent Premium Dog Food,I have bought several of the Vitality canned dog food products and have found them all to be of good quality. The product looks more like a stew than a processed meat and it smells better. My Labrador is finicky and she appreciates this product better than most. The ingredients are top-notch and I can see the difference in her coat and energy levels.,Premium,Expand premium pet food line with breed-specific formulations,Premium Dog Nutrition Food,High-quality dog food formulated for balanced nutrition and coat health.
2,B001E4KFG0,A2HDKF8SJWK3L,PetLover2023,12,14,5,1767695688,Amazing results for my senior dog,"This food has transformed my 12-year-old Golden Retriever. He's more energetic, his coat is shinier, and his digestion has improved significantly. Worth every penny for the premium quality. The chunks are perfect size and he loves the taste.",Premium,Introduce senior dog formula with joint support supplements,Premium Dog Nutrition Food,High-quality dog food formulated for balanced nutrition and coat health.
3,B001E4KFG0,A1KJHF9DSLK2M,HealthyPups,8,10,4,1767720567,Good quality but pricey,"The food quality is undeniable - my dogs love it and it's clearly made with good ingredients. However, the price point is quite high compared to other premium brands. I wish there were bulk purchase options to make it more affordable for multi-dog households.",Trial,Offer bulk purchase discounts and subscription plans for cost-conscious premium customers,Premium Dog Nutrition Food,High-quality dog food formulated for balanced nutrition and coat health.
4,B00813GRG4,A1D87F6ZCVE5NK,dll pa,2,8,1,1767882607,Completely misleading product,Product arrived labeled as Jumbo Salted Peanuts but the peanuts were actually small sized and completely unsalted. This is either false advertising or a serious quality control issue. Very disappointed and will not order again. The packaging was also damaged.,Trial,Improve quality control processes and accurate product labeling,Roasted Peanut Snack Pack,Crunchy roasted peanuts ideal for healthy everyday snacking.
5,B00813GRG4,A3MNBV8XKLS9P,SnackAttack,1,5,2,1767889934,Stale and tasteless,"These peanuts tasted stale and had no flavor whatsoever. For the price, I expected much better quality. The texture was off and some peanuts were actually rancid. Definitely not worth the money.",Normal,Implement freshness dating and improved storage conditions,Roasted Peanut Snack Pack,Crunchy roasted peanuts ideal for healthy everyday snacking.
6,B00813GRG4,A2PQRS7UVWX8Y,HealthySnacker,6,7,4,1767894412,Decent snack option,Good quality peanuts overall. They're crunchy and have a nice roasted flavor. Perfect for my office snacking. The resealable bag is convenient. Only complaint is that some bags have more broken pieces than whole peanuts.,Normal,Introduce variety packs with different nut options,Roasted Peanut Snack Pack,Crunchy roasted peanuts ideal for healthy everyday snacking.
7,B000LQOCH0,ABXLMWJIXXAIN,Natalia Corres,18,20,5,1767910767,Absolutely divine confection,"This is a confection that has been around for centuries and for good reason. It's a light, pillowy citrus gelatin with perfectly roasted filberts. Each piece is cut into tiny squares and liberally coated with powdered sugar - it's like a tiny mouthful of heaven. The texture is perfect - not too chewy, very flavorful. If you're familiar with C.S. Lewis' 'The Lion, The Witch, and The Wardrobe' - this is exactly the treat that would seduce anyone!",Premium,Develop luxury gift packaging for special occasions,Gourmet Chocolate Assortment,Assorted premium chocolates crafted for rich taste and gifting.
8,B000LQOCH0,A4CHOCO8LOVER,ChocolateConnoisseur,22,25,5,1767975736,Best chocolate I've ever tasted,"I consider myself a chocolate expert having tried confections from around the world. This product exceeds all expectations. The balance of flavors, the quality of ingredients, and the craftsmanship is evident in every bite. This is what premium chocolate should taste like.",Premium,Create chocolate tasting sets for connoisseurs,Gourmet Chocolate Assortment,Assorted premium chocolates crafted for rich taste and gifting.
9,B000LQOCH0,A5SWEETOOTH99,DessertLover,15,18,4,1768018682,Great for special occasions,These chocolates are definitely special occasion quality. The presentation is beautiful and the taste is exceptional. Perfect for gifts or when you want to treat yourself. The only reason I'm not giving 5 stars is the price - it's quite expensive for the quantity.,Trial,Offer smaller sampler sizes at lower price points,Gourmet Chocolate Assortment,Assorted premium chocolates crafted for rich taste and gifting.
10,B000UA0QIQ,A395BORC6FGVXV,Karl,5,8,2,1768024688,Tastes like medicine,"If you're looking for the secret ingredient in cough syrup, I believe I found it. I got this in addition to other extracts I ordered and made some cherry soda. The flavor is overwhelmingly medicinal and artificial. Not suitable for culinary use at all.",Normal,Reformulate with natural flavor profiles,Herbal Cough Relief Syrup,Natural cough relief formula for soothing throat discomfort.
11,B000UA0QIQ,A6HERBAL4LIFE,NaturalHealer,12,15,4,1768046673,Effective but strong taste,"This syrup actually works well for cough relief. I noticed improvement within hours of taking it. However, the taste is quite strong and medicinal. Adding honey helps make it more palatable. The herbal ingredients seem to be high quality.",Premium,Develop flavored variants with natural sweeteners,Herbal Cough Relief Syrup,Natural cough relief formula for soothing throat discomfort.
12,B000UA0QIQ,A7WELLNESS23,HealthMom,8,10,3,1768079703,Mixed results,"Works okay for minor coughs but didn't help much with my daughter's persistent cough. The natural ingredients are a plus, but I expected better results given the premium price. Taste is acceptable when mixed with warm water.",Trial,Create pediatric-friendly formulations,Herbal Cough Relief Syrup,Natural cough relief formula for soothing throat discomfort.
13,B006K2ZZ7K,A1UQRSCLF8GW1T,Michael D. Bigham,25,28,5,1768093613,Outstanding taffy value,"Great taffy at an unbeatable price! There was a wide assortment of delicious flavors - watermelon, cherry, vanilla, chocolate. Delivery was lightning fast and packaging was perfect. If you're a taffy lover like me, this is an absolute steal. My whole family enjoyed every piece.",Normal,Expand into premium taffy gift boxes,Saltwater Taffy Candy Mix,Soft and chewy assorted-flavor saltwater taffy candy.
14,B006K2ZZ7K,ADT0SRK1MGOEU,Twoapennything,20,22,5,1768124907,Family favorite candy,"I ordered this five-pound bag on impulse and it was the best decision! The taffy had amazing variety - watermelon, root beer, melon, peppermint, grape, banana, and more. My only tiny complaint was slightly too much licorice flavor (personal preference). Between me, my kids, and my husband, this lasted only two weeks! Definitely reordering.",Normal,Offer customizable flavor mixes,Saltwater Taffy Candy Mix,Soft and chewy assorted-flavor saltwater taffy candy.
15,B006K2ZZ7K,A1SP2KVKFXXRU1,David C. Sullivan,18,20,5,1768163691,Superior to expensive brands,"This saltwater taffy had incredible flavors and perfect texture - soft and chewy without being sticky. Each candy was individually wrapped perfectly. None stuck together, which actually happened with the expensive Fralinger's brand I tried before. Outstanding quality at a fraction of the price! Served it at a beach party and everyone raved about it.",Normal,Develop seasonal flavor collections,Saltwater Taffy Candy Mix,Soft and chewy assorted-flavor saltwater taffy candy.
16,B006K2ZZ7K,A3JRGQVEQN31IQ,Pamela G. Williams,16,18,5,1768164149,Absolutely perfect taffy,"This taffy is phenomenal! The texture is incredibly soft and chewy, exactly how saltwater taffy should be. The flavors are vibrant and authentic - you can taste the quality in every piece. This has become our go-to candy for movie nights and special treats.",Premium,Create artisanal small-batch premium line,Saltwater Taffy Candy Mix,Soft and chewy assorted-flavor saltwater taffy candy.
17,B006K2ZZ7K,A8CANDYLOVER,SweetTreats,3,12,2,1768167952,Too much artificial flavor,"While the texture of the taffy is good, many of the flavors taste overly artificial, especially the fruit ones. The banana and strawberry flavors are particularly chemical-tasting. For the price, I expected more natural flavoring.",Normal,Transition to natural flavor extracts,Saltwater Taffy Candy Mix,Soft and chewy assorted-flavor saltwater taffy candy.
18,B000E7L2R4,A1MZYO9TZK0BBI,R. James,14,15,5,1768217031,Perfect for pet grass growing,"I'm using this primarily for sprouting grass for my cats and it's absolutely perfect. The seeds have excellent germination rates and my cats love the fresh grass. I rotate between this, wheatgrass, and rye. The quality is consistently high and the price is very reasonable for organic seeds.",Premium,Expand into complete pet wellness seed collections,Organic Barley Grass Powder,Nutrient-rich barley grass supplement for daily wellness.
19,B000E7L2R4,A9ORGANIC4U,HealthyLiving,11,13,4,1768278866,Good for smoothies,"I add this barley grass powder to my morning smoothies for extra nutrition. It has a strong grassy taste that takes some getting used to, but the health benefits are worth it. Mixes well and doesn't clump. Good value for an organic product.",Premium,Create flavored powder blends for smoothies,Organic Barley Grass Powder,Nutrient-rich barley grass supplement for daily wellness.
20,B000E7L2R4,A10WELLNESS,GreenThumb,7,9,3,1768308620,Okay but not amazing,"The powder quality seems fine and it's definitely organic as advertised. However, the taste is quite bitter and earthy. I have to use a lot of fruit in my smoothies to mask the flavor. Results are gradual - not the energy boost I was hoping for immediately.",Trial,Develop beginner-friendly starter packs with recipe guides,Organic Barley Grass Powder,Nutrient-rich barley grass supplement for daily wellness.
21,B00171APVA,A21BT40VZCCYT4,Carol A. Reed,19,20,5,1768315313,Exceptional dog food quality,This is hands down the healthiest dog food I've found. Perfect for digestion and my dog absolutely loves it. Great for puppies too - my neighbor's puppy thrives on it. My dog maintains perfect weight and has incredible energy. The ingredients list is impressive with real meat as the first ingredient.,Trial,Develop life-stage specific formulations,Natural Dry Dog Food,Wholesome dry dog food supporting digestion and vitality.
22,B00171APVA,A11DOGOWNER,PuppyParent,16,18,5,1768336141,Transformed my picky eater,"My dog was extremely picky and would barely eat his previous food. This food changed everything! He actually gets excited at meal time now. His coat is shinier, he has more energy, and his digestion has improved dramatically. Worth every penny.",Premium,Create specialized formulas for picky eaters,Natural Dry Dog Food,Wholesome dry dog food supporting digestion and vitality.
23,B00171APVA,A12PETCARE,AnimalLover,8,12,3,1768350821,Decent but expensive,"The food quality is good and my dog seems to like it well enough. I can see some improvement in his coat condition. However, it's quite pricey compared to other natural brands. I'm not sure the premium price is justified for the results I'm seeing.",Normal,Offer value-size options for budget-conscious customers,Natural Dry Dog Food,Wholesome dry dog food supporting digestion and vitality.
24,B0001PB9FE,A3HDKO7OW0QNK4,Canadian Fan,28,30,5,1768397944,The ultimate hot sauce experience,"I don't know if it's the cactus, the tequila, or the unique combination of ingredients, but this hot sauce is absolutely one of a kind! We discovered it on a trip and were completely blown away. When we couldn't find it locally, we were devastated. Thanks to online shopping, we now have a case and we're ecstatic! If you love hot sauce - really love hot sauce - but want flavor not just heat, this is your holy grail. Warning: once you taste it, you'll never want any other sauce!",Premium,Develop premium gift sets for hot sauce enthusiasts,Gourmet Hot Sauce,Bold-flavored hot sauce made with premium chili ingredients.
25,B0001PB9FE,A13SPICYLOVER,HeatSeeker,24,26,5,1768490224,Perfect balance of heat and flavor,This sauce has ruined me for all other hot sauces! The complexity of flavors is incredible - you get the heat but also layers of taste that keep developing. The tequila adds a unique depth without being overpowering. I put this on everything now. Customer service was also exceptional.,Premium,Create limited edition seasonal varieties,Gourmet Hot Sauce,Bold-flavored hot sauce made with premium chili ingredients.
26,B0001PB9FE,A14FOODIE99,CulinaryExplorer,15,18,4,1768499451,Unique but very intense,"This is definitely a unique hot sauce with complex flavors. The heat level is quite high - much more than I expected. The taste is interesting with the tequila notes, but it might be too intense for casual hot sauce users. Great for serious spice lovers only.",Trial,Develop milder variants for broader appeal,Gourmet Hot Sauce,Bold-flavored hot sauce made with premium chili ingredients.
27,B0001PB9FE,A15MILD4ME,CasualEater,4,15,2,1768516641,Too hot for me,"I was hoping for a flavorful sauce but this is way too spicy for my taste. The heat completely overwhelms any other flavors for me. Might be great for people who love extremely hot food, but definitely not for those who prefer mild to medium heat levels.",Normal,Create a mild version of the same flavor profile,Gourmet Hot Sauce,Bold-flavored hot sauce made with premium chili ingredients.
28,B0009XLVG0,A2725IB4YY9JEB,A Poeng,22,25,5,1768555457,Incredible diet food that cats actually love,"My cats absolutely LOVE this 'diet' food more than their regular food! One of my boys needed to lose weight, so I put this on the floor for him and kept the protein-rich food up high for my skinny cat. The amazing thing is both cats prefer this diet food! My chubby boy is steadily losing about an ounce per week. It's working perfectly and they're both happier.",Trial,Expand weight management line for different cat sizes,Indoor Cat Food Formula,Specialized cat food for indoor cats with sensitive digestion.
29,B0009XLVG0,A16CATMOM,FelineExpert,18,20,5,1768571011,Veterinarian recommended success,"My vet recommended this for my overweight indoor cat and the results have been amazing. Not only is she losing weight steadily, but her energy levels have increased and her coat looks better than ever. The food is clearly high quality and she actually prefers it to her old food.",Premium,Develop veterinarian partnership program,Indoor Cat Food Formula,Specialized cat food for indoor cats with sensitive digestion.
30,B0009XLVG0,A327PCT23YH90,LT,8,20,1,1768622778,Formula change disaster,My cats had been happily eating this food for over two years with great results. Then I got a new bag and the kibble shape was completely different. My cats tried it once and now refuse to eat it - the bowls just sit full. This is clearly a formula change that has ruined a great product. Very disappointed and now searching for alternatives.,Normal,Maintain consistent formulations and communicate changes clearly,Indoor Cat Food Formula,Specialized cat food for indoor cats with sensitive digestion.
31,B0009XLVG0,A17PICKYPETS,CatWhisperer,5,12,2,1768690751,Cats rejected it completely,Both of my usually non-picky cats completely rejected this food. They sniffed it and walked away. I tried mixing it with their old food but they just ate around it. Seems like there might be an ingredient they don't like or the formula has changed recently.,Normal,Conduct palatability testing before formula changes,Indoor Cat Food Formula,Specialized cat food for indoor cats with sensitive digestion.
32,B001GVISJM,A18ECVX2RJ7HUE,willie roadie,20,22,5,1768802800,Fresh and perfectly packaged,"These Twizzlers arrived incredibly fresh and perfectly packaged! The texture was ideal - not too hard, not too soft. The strawberry flavor is classic and delicious. Great for movie nights and road trips. Excellent value for the quantity.",Normal,Introduce variety packs with multiple flavors,Twizzlers Strawberry Candy,Classic strawberry-flavored chewy candy loved by all ages.
33,B001GVISJM,A2MUGFV2TDQ47K,Lynrie,25,28,5,1768804535,Guilty pleasure perfection,Strawberry Twizzlers are my absolute guilty pleasure and these are perfect! Six pounds will last my son and me quite a while. The consistency is exactly right and the flavor is that classic strawberry we love. Perfect for sharing or keeping all to yourself!,Premium,Create premium artisanal versions with natural flavors,Twizzlers Strawberry Candy,Classic strawberry-flavored chewy candy loved by all ages.
34,B001GVISJM,A1CZX3CP8IKQIJ,Brian A. Lee,23,26,5,1768815074,Exactly what we expected and more,My daughter is obsessed with Twizzlers and this six-pound shipment was exactly what we hoped for - six packages of perfect strawberry Twizzlers. The quality was consistent across all packages and they stayed fresh throughout. Great bulk purchase option.,Premium,Develop family-size packaging options,Twizzlers Strawberry Candy,Classic strawberry-flavored chewy candy loved by all ages.
35,B001GVISJM,A3KLWF6WQ5BNYO,Erica Neathery,2,18,2,1768821237,Disappointing flavor quality,"While I enjoy eating these for TV watching and movies, the flavor quality has declined. They're not too sweet which is good, but the strawberry taste seems artificial and weak. I transfer them to zip-lock bags to keep them fresh longer, but the base flavor needs improvement.",Normal,Enhance natural strawberry flavoring,Twizzlers Strawberry Candy,Classic strawberry-flavored chewy candy loved by all ages.
36,B001GVISJM,AFKW14U97Z6QO,Becca,21,23,5,1768829255,Absolutely love these,I am completely satisfied with my Twizzler purchase! The quality exceeded my expectations and I've shared them with friends and family - everyone loves them. The texture is perfect and the flavor is exactly what you expect from Twizzlers. Definitely ordering more!,Premium,Create subscription service for regular customers,Twizzlers Strawberry Candy,Classic strawberry-flavored chewy candy loved by all ages.
37,B001GVISJM,A2A9X58G2GTBLP,Wolfee1,19,20,5,1768845977,Nostalgic perfection with amazing history,"Twizzlers Strawberry - my childhood favorite! Made in Lancaster Pennsylvania by Y & S Candies, one of the oldest confectionery firms in the United States (established 1845), now part of Hershey Company. They also make Apple, Green, and Blue Raspberry varieties - I love them all! Fun fact: according to Guinness Book of Records, the longest licorice twist ever made was 1,200 feet and weighed 100 pounds! This product is also Kosher certified.",Trial,Develop educational packaging highlighting company heritage,Twizzlers Strawberry Candy,Classic strawberry-flavored chewy candy loved by all ages.
38,B001GVISJM,A3IV7CL2C13K2U,Greg,17,19,5,1768856651,Perfect for home delivery,"Candy was delivered super fast and at a very reasonable price. I was homebound and unable to get to stores, so this was absolutely perfect for me. The packaging was secure and the Twizzlers arrived in perfect condition. Great service!",Premium,Enhance delivery options for mobility-limited customers,Twizzlers Strawberry Candy,Classic strawberry-flavored chewy candy loved by all ages.
39,B001GVISJM,A1WO0KGLPR5PV6,mom2emma,16,18,5,1768893280,Consistently fresh for overseas delivery,"My husband is completely addicted to Twizzlers! We've ordered these many times from Amazon because we're government employees living overseas and can't get them locally. They've always arrived fresh and tasty, perfectly packed and in a timely manner. Reliable quality every time.",Normal,Develop international shipping partnerships,Twizzlers Strawberry Candy,Classic strawberry-flavored chewy candy loved by all ages.
40,B001GVISJM,AZOF9E17RGZH8,Tammy Anderson,24,26,5,1768911848,Perfect for sharing overseas,I bought these for my husband who is currently deployed overseas. He loves them and apparently his entire staff enjoys them too! There are generous amounts in each 16-ounce bag and this was definitely worth the price. Great morale booster!,Premium,Create care package options for military families,Twizzlers Strawberry Candy,Classic strawberry-flavored chewy candy loved by all ages.
41,B001GVISJM,ARYVQL4N737A1,Charles Brown,15,16,5,1768955500,Timeless quality that never disappoints,I remember buying this exact candy as a kid and I'm amazed that the quality hasn't dropped at all over all these years. Still the same superb product that brings back wonderful memories. You definitely won't be disappointed with this classic treat.,Trial,Develop retro packaging for nostalgia marketing,Twizzlers Strawberry Candy,Classic strawberry-flavored chewy candy loved by all ages.
42,B001GVISJM,AJ613OLZZUG7V,Mare's,12,14,4,1768972756,Great for portion control,"I absolutely love this candy, but after joining Weight Watchers I had to cut back significantly. However, I still get cravings for it occasionally. The individual packaging makes it easier to control portions. Still my favorite treat when I want something sweet.",Normal,Create portion-controlled snack packs,Twizzlers Strawberry Candy,Classic strawberry-flavored chewy candy loved by all ages.
43,B001GVISJM,A22P2J09NJ9HKE,S. Cabanaugh,18,20,5,1769125061,Missing these in Mexico,"I've been living outside the US for over 7 years now and I desperately miss my Twizzlers! Whenever I visit home or someone comes to visit me, I always stock up. All I can say is YUM! Please consider selling these in Mexico - you'd have a very faithful customer who would buy them much more often than I'm able to now!",Trial,Explore international market expansion opportunities,Twizzlers Strawberry Candy,Classic strawberry-flavored chewy candy loved by all ages.
44,B001GVISJM,A3FONPR03H3PJS,Deborah S. Linzer,14,15,5,1769146677,Exactly as advertised perfection,"Product received was exactly as advertised and described. No surprises, just consistent quality Twizzlers delivered promptly and in perfect condition. Sometimes simple reliability is exactly what you need.",Premium,Maintain consistent quality standards across all batches,Twizzlers Strawberry Candy,Classic strawberry-flavored chewy candy loved by all ages.
45,B001GVISJM,A3RXAU2N8KV45G,lady21,3,20,1,1769182162,Completely flavorless disappointment,The candy is just red with absolutely no flavor whatsoever. Just plain and chewy with no strawberry taste at all. This was a complete waste of money and I would never buy them again. Very disappointing quality control.,Normal,Implement stricter flavor quality testing,Twizzlers Strawberry Candy,Classic strawberry-flavored chewy candy loved by all ages.
46,B001GVISJM,AAAS38B98HMIK,Heather Dube,8,12,4,1769188638,Great value despite mix-up,"I was initially confused because I thought I was ordering something else, but these turned out to be a great bargain for the price. I have a hard time finding this specific type elsewhere and Amazon's selection made it easy. Good deal overall.",Normal,Improve product descriptions to avoid confusion,Twizzlers Strawberry Candy,Classic strawberry-flavored chewy candy loved by all ages.
47,B00144C10S,A2F4LZVGFLD1OB,DaisyH,26,28,5,1769232228,Sugar-free excellence,I bought these for my mom who needs to watch her sugar intake and my father who chooses to limit unnecessary sugar. My mom has the sweet tooth and they both absolutely LOVED these toffees! You would never guess they're sugar-free - the taste is incredible and you can eat them guilt-free! I was so impressed I ordered the dark chocolate version for my office to avoid sugary snacking.,Premium,Expand sugar-free product line across all categories,Diabetic-Friendly Chocolate,Low-sugar chocolate treats suitable for diabetic diets.
48,B00144C10S,A18DIABETIC,HealthySweets,22,24,5,1769244131,Perfect for diabetic lifestyle,"As a diabetic, finding truly delicious sugar-free treats is challenging. These toffees are absolutely amazing - rich, creamy, and satisfying without any artificial aftertaste. My blood sugar stays stable and I don't feel deprived. This is exactly what the diabetic community needs more of!",Premium,Partner with diabetes organizations for product development,Diabetic-Friendly Chocolate,Low-sugar chocolate treats suitable for diabetic diets.
49,B00144C10S,A19WELLNESS,SugarFree,15,18,4,1769293519,Good but limited variety,The toffees taste great and are definitely sugar-free as advertised. My only complaint is the limited variety - would love to see more flavors and types of sugar-free candies. The texture is perfect and they satisfy sweet cravings effectively.,Trial,Develop comprehensive sugar-free candy variety packs,Diabetic-Friendly Chocolate,Low-sugar chocolate treats suitable for diabetic diets.
50,B0001PB9FY,A3HDKO7OW0QNK4,Canadian Fan,27,29,5,1769334205,The ultimate hot sauce discovery,"This is hands down the best hot sauce in the world! The unique combination of cactus, tequila, and premium ingredients creates a flavor profile that's absolutely one of a kind. We discovered this on a vacation and were devastated when we couldn't find it locally. Thank goodness for online shopping - we now have a case and couldn't be happier! If you're a true hot sauce lover who appreciates complex flavors over just heat, this is your holy grail. Fair warning: once you experience this sauce, you'll never be satisfied with anything else!",Normal,Create hot sauce education content and pairing guides,Gourmet Hot Sauce,Bold-flavored hot sauce made with premium chili ingredients.
51,B0001PB9FY,A20SPICEKING,HotSauceLord,25,27,5,1769365242,Culinary game-changer,"This sauce has completely revolutionized my cooking! The complexity is incredible - layers of heat, smokiness, and that unique tequila note that adds depth without being overwhelming. I use it on everything from eggs to grilled meats. The quality of ingredients is evident in every drop.",Premium,Develop chef-endorsed recipe collections,Gourmet Hot Sauce,Bold-flavored hot sauce made with premium chili ingredients.
52,B0001PB9FY,A21MODERATE,FlavorFirst,12,16,3,1769392735,Interesting but overwhelming,"The flavor profile is definitely unique and interesting with the tequila and cactus notes. However, the heat level is much more intense than I expected. It completely dominates the dish rather than enhancing it. Probably great for serious heat lovers but too much for moderate spice tolerance.",Trial,Create heat level indicators and serving suggestions,Gourmet Hot Sauce,Bold-flavored hot sauce made with premium chili ingredients.
53,B007TECH01,A22TECHGURU,GadgetExpert,30,32,5,1769416380,Revolutionary smartphone experience,This smartphone has completely exceeded my expectations! The camera quality is absolutely stunning - photos look professional even in low light. The battery easily lasts all day with heavy use. The processing speed is lightning fast and multitasking is seamless. The build quality feels premium and durable. This is definitely the best phone I've ever owned.,Premium,Develop professional photography accessories and courses,Premium Smartphone Pro,Latest flagship smartphone with advanced camera and processing power.
54,B007TECH01,A23PHOTOPRO,MobilePhotographer,28,30,5,1769434371,Perfect for mobile photography,"As a professional photographer, I'm incredibly impressed with this phone's camera capabilities. The image stabilization is excellent, the low-light performance rivals some DSLRs, and the editing features built-in are surprisingly sophisticated. This has become my go-to device for quick professional shots.",Premium,Create mobile photography masterclass bundles,Premium Smartphone Pro,Latest flagship smartphone with advanced camera and processing power.
55,B007TECH01,A24STUDENT,CollegeKid,15,20,4,1769484540,Great phone but expensive,"The phone performance is definitely impressive and all the features work as advertised. Camera is amazing and battery life is solid. However, the price point is really high for a student budget. I wish there were more affordable options with similar core features.",Trial,Introduce student discount programs,Premium Smartphone Pro,Latest flagship smartphone with advanced camera and processing power.
56,B007TECH01,A25BUDGET,ValueShopper,8,18,2,1769498447,Overpriced for what you get,"While the phone works fine and has good features, I don't think it justifies the premium price tag. You can get phones with similar functionality for much less money. The brand name seems to add a significant cost premium without proportional value.",Normal,Develop value-tier alternatives,Premium Smartphone Pro,Latest flagship smartphone with advanced camera and processing power.
57,B008HOME01,A26HOMEOWNER,DIYMaster,24,26,5,1769511002,Essential tool for every homeowner,This drill has been absolutely perfect for all my home improvement projects! The battery life is incredible - I can complete multiple projects on a single charge. The torque settings are precise and it handles everything from delicate screws to heavy-duty drilling. The LED light is surprisingly useful. Build quality is exceptional and it feels like it will last for years.,Premium,Create comprehensive DIY project kits,Professional Power Drill,Heavy-duty cordless drill for professional and home use.
58,B008HOME01,A27CONTRACTOR,ProBuilder,26,28,5,1769512026,Professional grade performance,"I use this drill daily on construction sites and it performs flawlessly. The power is impressive, battery swaps are quick, and it's held up perfectly despite rough treatment. My crew has been impressed with the reliability. This is definitely professional-grade equipment.",Premium,Develop contractor bulk purchase programs,Professional Power Drill,Heavy-duty cordless drill for professional and home use.
59,B008HOME01,A28WEEKEND,CasualDIY,18,22,4,1769528095,Good for occasional use,Works well for my occasional home projects. The drill has plenty of power for basic tasks like hanging pictures and assembling furniture. Battery life is adequate for weekend warrior use. Only complaint is that it's quite heavy for extended use.,Normal,Create lightweight versions for casual users,Professional Power Drill,Heavy-duty cordless drill for professional and home use.
60,B008HOME01,A29NOVICE,FirstTimer,10,16,3,1769751111,Overwhelming for beginners,This drill has way more features than I know how to use. It's clearly a high-quality tool but the learning curve is steep for someone new to DIY projects. I wish it came with better instructions or tutorial materials for beginners.,Trial,Develop beginner-friendly starter guides,Professional Power Drill,Heavy-duty cordless drill for professional and home use.
61,B009BEAUTY,A30SKINCARE,BeautyGuru,29,31,5,1769774039,Miraculous skin transformation,This skincare serum has completely transformed my skin! Within just two weeks I noticed significant improvement in texture and brightness. Fine lines are visibly reduced and my complexion looks more even. The formula absorbs quickly without greasiness. This is now an essential part of my routine.,Premium,Create comprehensive skincare regimen bundles,Anti-Aging Serum Premium,Advanced anti-aging serum with natural ingredients.
62,B009BEAUTY,A31MATURE,AgingGracefully,25,27,5,1769794086,Finally found something that works,"After trying countless anti-aging products, this serum actually delivers results! My skin feels firmer and looks more radiant. The fine lines around my eyes have noticeably diminished. The natural ingredients give me confidence about long-term use. Worth every penny!",Premium,Develop age-specific targeted treatments,Anti-Aging Serum Premium,Advanced anti-aging serum with natural ingredients.
63,B009BEAUTY,A32SENSITIVE,GentleSkin,16,20,4,1769823125,Good results but strong scent,"The serum works well and I can see improvements in my skin texture. However, the fragrance is quite strong and sometimes irritates my sensitive skin. I wish there was an unscented version available. Results are good when I can tolerate the scent.",Trial,Create fragrance-free sensitive skin variants,Anti-Aging Serum Premium,Advanced anti-aging serum with natural ingredients.
64,B009BEAUTY,A33SKEPTIC,ProofNeeded,7,15,2,1769837489,Expensive with minimal results,"I used this serum for over a month as directed but saw very minimal results. For the premium price, I expected much more dramatic improvements. My skin feels slightly softer but no significant changes in fine lines or overall appearance. Not worth the cost.",Normal,Offer money-back guarantee with usage tracking,Anti-Aging Serum Premium,Advanced anti-aging serum with natural ingredients.
65,B010FITNESS,A34ATHLETE,MarathonRunner,31,33,5,1769861561,Perfect training companion,"This fitness tracker has been absolutely essential for my marathon training! The heart rate monitoring is incredibly accurate, GPS tracking is precise, and the battery lasts for days even with heavy use. The sleep tracking insights have helped me optimize my recovery. The app integration is seamless and the data analysis is comprehensive.",Premium,Create sport-specific training programs and coaching,Advanced Fitness Tracker,Professional-grade fitness tracker with heart rate and GPS.
66,B010FITNESS,A35CASUAL,WeekendWarrior,22,25,4,1769864679,Great motivation tool,This tracker has definitely motivated me to be more active! I love the step counting and the gentle reminders to move. The sleep tracking is interesting and the heart rate monitor seems accurate. The only downside is the band gets uncomfortable during long workouts.,Normal,Develop comfort-focused band alternatives,Advanced Fitness Tracker,Professional-grade fitness tracker with heart rate and GPS.
67,B010FITNESS,A36TECH,DataLover,27,29,5,1769869517,Incredible data and insights,The amount of data this device collects is amazing! The analytics are comprehensive and the trends help me understand my fitness patterns. The app is well-designed and syncs perfectly. Battery life exceeds expectations. This is exactly what data-driven fitness enthusiasts need.,Premium,Create advanced analytics dashboard subscriptions,Advanced Fitness Tracker,Professional-grade fitness tracker with heart rate and GPS.
68,B010FITNESS,A37SIMPLE,KeepItBasic,9,16,2,1769918012,Too complicated for basic needs,This tracker has way more features than I need or want. I just wanted something simple to count steps and maybe track basic activity. The interface is confusing and there are too many options. I wish there was a simpler version for people who just want the basics.,Normal,Develop simplified basic activity trackers,Advanced Fitness Tracker,Professional-grade fitness tracker with heart rate and GPS.
69,B011COFFEE,A38BARISTA,CoffeeExpert,32,34,5,1769937341,Professional quality at home,"This espresso machine produces café-quality drinks consistently! The pressure is perfect, temperature control is precise, and the milk frother creates beautiful microfoam. Build quality is exceptional - feels like commercial equipment. My morning routine has been completely elevated.",Premium,Create barista training courses and accessories,Professional Espresso Machine,Commercial-grade espresso machine for home use.
70,B011COFFEE,A39ENTHUSIAST,CoffeeLover,28,30,5,1769949823,Best investment for coffee lovers,I've wanted a quality espresso machine for years and this exceeded all expectations! The learning curve was worth it - now I make better coffee than most cafés. The consistency is remarkable and guests are always impressed. This machine has paid for itself in saved coffee shop visits.,Premium,Develop coffee bean subscription services,Professional Espresso Machine,Commercial-grade espresso machine for home use.
71,B011COFFEE,A40BEGINNER,NewToCoffee,14,19,3,1770022264,Steep learning curve,"The machine makes great coffee once you figure it out, but it's definitely not beginner-friendly. The instruction manual could be much better and there's a lot of trial and error involved. I'm getting better results now but it took weeks of practice.",Trial,Create comprehensive tutorial video series,Professional Espresso Machine,Commercial-grade espresso machine for home use.
72,B011COFFEE,A41CASUAL,SimpleNeeds,6,14,2,1770050115,Overkill for casual use,This machine is clearly high-quality but it's way more than I need for my occasional espresso. The complexity and maintenance requirements are overwhelming for someone who just wants a good cup of coffee a few times a week. Too much machine for casual users.,Normal,Develop user-friendly automatic versions,Professional Espresso Machine,Commercial-grade espresso machine for home use.
73,B012GARDEN,A42GARDENER,GreenThumb,26,28,5,1770055944,Garden transformation success,These seeds have completely transformed my garden! Germination rate was excellent and the plants are thriving. The variety pack gave me beautiful diversity in colors and types. My neighbors constantly compliment the garden now. The growing instructions were clear and helpful.,Premium,Create seasonal garden planning subscriptions,Organic Garden Seed Collection,Premium organic seeds for vegetable and flower gardens.
74,B012GARDEN,A43ORGANIC,NaturalGrower,24,26,5,1770085694,Outstanding organic quality,"As someone committed to organic gardening, I'm thrilled with these seeds! Everything grew beautifully without any chemical treatments. The plants are healthy and productive. The seed quality is clearly superior to generic varieties. This is exactly what organic gardeners need.",Premium,Develop certified organic growing guides,Organic Garden Seed Collection,Premium organic seeds for vegetable and flower gardens.
75,B012GARDEN,A44NOVICE,FirstGarden,16,21,4,1770165622,Good results with some challenges,"Most of the seeds grew well and I'm pleased with my first garden attempt. Some varieties did better than others, which might be due to my inexperience. The instructions were helpful but I could have used more specific guidance for beginners. Overall satisfied with the results.",Trial,Create beginner gardening mentorship programs,Organic Garden Seed Collection,Premium organic seeds for vegetable and flower gardens.
76,B012GARDEN,A45CLIMATE,RegionalGrower,11,17,3,1770190364,Mixed results in my climate,Some seeds performed excellently while others struggled in my specific climate conditions. I wish there was better information about which varieties work best in different regions. The quality seems good but regional adaptation information would be very helpful.,Normal,Develop climate-specific seed recommendations,Organic Garden Seed Collection,Premium organic seeds for vegetable and flower gardens.
